[
   {
    "model": "webapp.LeadField",
    "pk": 1,
    "fields": {
      "name": "sub-model"
    }
  },
  {
    "model": "webapp.LeadField",
    "pk": 2,
    "fields": {
      "name": "ResidenceStatus"
    }
  },
   {
    "model": "webapp.LeadField",
    "pk": 3,
    "fields": {
      "name": "YearsAt"
    }
  },
  {
    "model": "webapp.LeadField",
    "pk": 4,
    "fields": {
      "name": "MonthsAt"
    }
  },
  {
    "model": "webapp.LeadField",
    "pk": 5,
    "fields": {
      "name": "Requested Coverage"
    }
  },
  {
    "model": "webapp.LeadField",
    "pk": 6,
    "fields": {
      "name": "MilitaryExperience"
    }
  },
    {
    "model": "webapp.LeadField",
    "pk": 7,
    "fields": {
      "name": "Education"
    }
  },
  {
    "model": "webapp.LeadField",
    "pk": 8,
    "fields": {
      "name": "State"
    }
  },
  {
    "model": "webapp.LeadField",
    "pk": 9,
    "fields": {
      "name": "RequestCoverage"
    }
  },
  {
    "model": "webapp.LeadField",
    "pk": 10,
    "fields": {
      "name": "Occupation"
    }
  },
  {
    "model": "webapp.LeadField",
    "pk": 11,
    "fields": {
      "name": "GarageType"
    }
  },
  {
    "model": "webapp.LeadField",
    "pk": 12,
    "fields": {
      "name": "ComphrensiveDeductible"
    }
  },
  {
    "model": "webapp.LeadField",
    "pk": 13,
    "fields": {
      "name": "CollisionDeductible"
    }
  },
  {
    "model": "webapp.LeadField",
    "pk": 14,
    "fields": {
      "name": "VehUse.AnnualMiles"
    }
  },
   {
    "model": "webapp.LeadField",
    "pk": 15,
    "fields": {
      "name": "VehUse"
    }
  },
  {
    "model": "webapp.LeadField",
    "pk": 16,
    "fields": {
      "name": "LicenseEverSuspendedRevoked"
    }
  },
  {
    "model": "webapp.LeadField",
    "pk": 17,
    "fields": {
      "name": "GoodStudentDiscount"
    }
  },
  {
    "model": "webapp.LeadField",
    "pk": 18,
    "fields": {
      "name": "Gender"
    }
  },
  {
    "model": "webapp.LeadField",
    "pk": 19,
    "fields": {
      "name": "MaritalStatus"
    }
  },
  {
    "model": "webapp.LeadField",
    "pk": 20,
    "fields": {
      "name": "Driver.SR22"
    }
  },
  {
    "model": "webapp.LeadField",
    "pk": 21,
    "fields": {
      "name": "model"
    }
  },
  {
    "model": "webapp.LeadField",
    "pk": 22,
    "fields": {
      "name": "make"
    }
  },
  {
    "model": "webapp.LeadField",
    "pk": 23,
    "fields": {
      "name": "model-year"
    }
  },
  {
    "model": "webapp.LeadField",
    "pk": 24,
    "fields": {
      "name": "StreetAddress"
    }
  },
  {
    "model": "webapp.LeadField",
    "pk": 25,
    "fields": {
      "name": "First Name"
    }
  },
  {
    "model": "webapp.LeadField",
    "pk": 26,
    "fields": {
      "name": "Last Name"
    }
  },
  {
    "model": "webapp.LeadField",
    "pk": 27,
    "fields": {
      "name": "DailyCommuteMiles"
    }
  },
  {
    "model": "webapp.LeadField",
    "pk": 28,
    "fields": {
      "name": "City"
    }
  },
  {
    "model": "webapp.LeadField",
    "pk": 29,
    "fields": {
      "name": "ZIP Code"
    }
  },
  {
    "model": "webapp.LeadField",
    "pk": 30,
    "fields": {
      "name": "Email"
    }
  },
  {
    "model": "webapp.LeadField",
    "pk": 31,
    "fields": {
      "name": "Cell Number"
    }
  },
  {
    "model": "webapp.LeadField",
    "pk": 32,
    "fields": {
      "name": "Work Number"
    }
  },
  {
    "model": "webapp.LeadField",
    "pk": 33,
    "fields": {
      "name": "Home Number"
    }
  },
  {
    "model": "webapp.LeadField",
    "pk": 34,
    "fields": {
      "name": "LicenseNumber"
    }
  },
  {
    "model": "webapp.LeadField",
    "pk": 35,
    "fields": {
      "name": "LicenseIssuedAge"
    }
  },
   {
    "model": "webapp.LeadField",
    "pk": 36,
    "fields": {
      "name": "VIN"
    }
  },
  {
    "model": "webapp.LeadField",
    "pk": 37,
    "fields": {
      "name": "DriverTraining"
    }
  },
  {
    "model": "webapp.LeadField",
    "pk": 38,
    "fields": {
      "name": "BirthDate"
    }
  },
  {
    "model": "webapp.LeadField",
    "pk": 39,
    "fields": {
      "name": "CreditRating Bankruptcy"
    }
  },
  {
    "model": "webapp.LeadField",
    "pk": 40,
    "fields": {
      "name": "CreditRating"
    }
  },
  {
    "model": "webapp.LeadField",
    "pk": 41,
    "fields": {
      "name": "Year"
    }
  },
  {
    "model": "webapp.LeadField",
    "pk": 42,
    "fields": {
      "name": "Month"
    }
  },
  {
    "model": "webapp.LeadField",
    "pk": 43,
    "fields": {
      "name": "Currently Insured"
    }
  },
   {
    "model": "webapp.LeadField",
    "pk": 44,
    "fields": {
      "name": "Description"
    }
  },
  {
    "model": "webapp.LeadField",
    "pk": 45,
    "fields": {
      "name": "At Fault"
    }
  },
  {
    "model": "webapp.LeadField",
    "pk": 46,
    "fields": {
      "name": "What Damaged"
    }
  },
  {
    "model": "webapp.LeadField",
    "pk": 47,
    "fields": {
      "name": "Insurance Paid Amount"
    }
  },
   {
    "model": "webapp.LeadField",
    "pk": 48,
    "fields": {
      "name": "Insurance Company"
    }
  },
   {
    "model": "webapp.LeadField",
    "pk": 49,
    "fields": {
      "name": "Years With"
    }
  },
   {
    "model": "webapp.LeadField",
    "pk": 50,
    "fields": {
      "name": "Months With"
    }
  },
  {
    "model": "webapp.LeadField",
    "pk": 51,
    "fields": {
      "name": "Policy Expiration Date"
    }
  },
  {
    "model": "webapp.LeadField",
    "pk": 52,
    "fields": {
      "name": "Years Continuous"
    }
  },
   {
    "model": "webapp.LeadField",
    "pk": 53,
    "fields": {
      "name": "Months Continuous"
    }
  },
  {
    "model": "webapp.LeadField",
    "pk": 54,
    "fields": {
      "name": "Social Security Number"
    }
  }, 
  {
    "model": "webapp.LeadFieldValue",
    "pk": 1,
    "fields": {
      "field": 1,
      "consumer" :1,
      "uri": "http://msadev1.msaff.com/xml-post/get_vehicle_info.php",
      "method" : "H",
      "ajax":true,
      "partof": "Vehicle data",
      "partseq": 3
    }
  },
  {
    "model": "webapp.LeadFieldValue",
    "pk": 2,
    "fields": {
      "field": 2,
      "consumer" :1,
      "uri":"ResidenceStatusValues",
      "method" : "X",
      "index": 37,
      "partof": "Residence"
    }
  },
  {
    "model": "webapp.LeadFieldValue",
    "pk": 3,
    "fields": {
      "field": 3,
      "consumer" :1,
      "uri":"YearsAtType",
      "method" : "X",
      "index": 14,
      "partof": "Residence"
    }
  },
  {
    "model": "webapp.LeadFieldValue",
    "pk": 4,
    "fields": {
      "field": 4,
      "consumer" :1,
      "uri":"MonthsAtType",
      "method" : "X",
      "index": 14,
      "partof": "Residence"
    }
  },
  {
    "model": "webapp.LeadFieldValue",
    "pk": 5,
    "fields": {
      "field": 5,
      "consumer" :1,
      "uri":"CoverageType",
      "method" : "X",
      "index": 29
    }
  },
  {
    "model": "webapp.LeadFieldValue",
    "pk": 6,
    "fields": {
      "field": 6,
      "consumer" :1,
      "uri":"MilitaryExperienceType",
      "method" : "X"
    }
  },
  {
    "model": "webapp.LeadFieldValue",
    "pk": 7,
    "fields": {
      "field": 7,
      "consumer" :1,
      "uri":"EducationValues",
      "method" : "X",
      "index": 18
    }
  },
  {
    "model": "webapp.LeadFieldValue",
    "pk": 8,
    "fields": {
      "field": 8,
      "consumer" :1,
      "uri":"StateType",
      "method" : "X"
    }
  },
  {
    "model": "webapp.LeadFieldValue",
    "pk": 9,
    "fields": {
      "field": 9,
      "consumer" :1,
      "uri":"CoverageType",
      "method" : "X",
      "index" : 29
    }
  },
  {
    "model": "webapp.LeadFieldValue",
    "pk": 10,
    "fields": {
      "field": 10,
      "consumer" :1,
      "uri":"OccupationNameType",
      "method" : "X",
      "index" : 19
    }
  },
  {
    "model": "webapp.LeadFieldValue",
    "pk": 11,
    "fields": {
      "field": 11,
      "consumer" :1,
      "uri":"GarageType",
      "method" : "X",
      "index" : 31
    }
  },
  {
    "model": "webapp.LeadFieldValue",
    "pk": 12,
    "fields": {
      "field": 12,
      "consumer" :1,
      "uri":"ComphrensiveDeductibleType",
      "method" : "X",
      "index" : 32
    }
  },
{
    "model": "webapp.LeadFieldValue",
    "pk": 13,
    "fields": {
      "field": 13,
      "consumer" :1,
      "uri":"CollisionDeductibleType",
      "method" : "X",
      "index" : 33
    }
  },
  {
    "model": "webapp.LeadFieldValue",
    "pk": 14,
    "fields": {
      "field": 14,
      "consumer" :1,
      "uri":"AnnualMilesType",
      "method" : "X",
      "index" : 26
    }
  },
  {
    "model": "webapp.LeadFieldValue",
    "pk": 15,
    "fields": {
      "field": 15,
      "consumer" :1,
      "uri":"VehUseValues",
      "method" : "X",
      "index" : 24
    }
  },
  {
    "model": "webapp.LeadFieldValue",
    "pk": 16,
    "fields": {
      "field": 16,
      "consumer" :1,
      "uri":"YesNo",
      "method" : "X"
    }
  },
  {
    "model": "webapp.LeadFieldValue",
    "pk": 17,
    "fields": {
      "field": 17,
      "consumer" :1,
      "uri":"YesNo",
      "method" : "X"
    }
  },
  {
    "model": "webapp.LeadFieldValue",
    "pk": 18,
    "fields": {
      "field": 18,
      "consumer" :1,
      "uri":"GenderType",
      "method" : "X"
    }
  },
  {
    "model": "webapp.LeadFieldValue",
    "pk": 19,
    "fields": {
      "field": 19,
      "consumer" :1,
      "uri":"MaritalStatusType",
      "method" : "X"
    }
  },
  {
    "model": "webapp.LeadFieldValue",
    "pk": 20,
    "fields": {
      "field": 20,
      "consumer" :1,
      "uri":"YesNo",
      "method" : "X",
      "attribute":true
    }
  }, 
  {
    "model": "webapp.LeadFieldValue",
    "pk": 21,
    "fields": {
      "field": 21,
      "consumer" :1,
      "uri": "http://msadev1.msaff.com/xml-post/get_vehicle_info.php",
      "method" : "H",
      "ajax":true,
      "partof": "Vehicle data",
      "partseq": 2
    }
  }, 
  {
    "model": "webapp.LeadFieldValue",
    "pk": 22,
    "fields": {
      "field": 22,
      "consumer" :1,
      "uri": "http://msadev1.msaff.com/xml-post/get_vehicle_info.php",
      "method" : "H",
      "ajax":true,
      "partof": "Vehicle data",
      "partseq": 1
    }
  },
  {
    "model": "webapp.LeadFieldValue",
    "pk": 23,
    "fields": {
      "field": 23,
      "consumer" :1,
      "uri": "http://msadev1.msaff.com/xml-post/get_vehicle_info.php",
      "method" : "H",
      "partof": "Vehicle data",
      "partseq": 0
    }
  },
  {
    "model": "webapp.LeadFieldValue",
    "pk": 24,
    "fields": {
      "field": 24,
      "consumer" :1,
      "method" : "V"
    }
  },
  {
    "model": "webapp.LeadFieldValue",
    "pk": 25,
    "fields": {
      "field": 25,
      "consumer" :1,
      "method" : "V",
      "partof": "Full name"
    }
  },
  {
    "model": "webapp.LeadFieldValue", 
    "pk": 26,
    "fields": {
      "field": 26,
      "consumer" :1,
      "method" : "V",
      "partof": "Full name"
    }
  },
  {
    "model": "webapp.LeadFieldValue", 
    "pk": 27,
    "fields": {
      "field": 27,
      "consumer" :1,
      "method" : "V"
    }
  },
  {
    "model": "webapp.LeadFieldValue", 
    "pk": 28,
    "fields": {
      "field": 28,
      "consumer" :1,
      "method" : "V"
    }
  },
  {
    "model": "webapp.LeadFieldValue", 
    "pk": 29,
    "fields": {
      "field": 29,
      "consumer" :1,
      "method" : "V"
    }
  },
  {
    "model": "webapp.LeadFieldValue", 
    "pk": 30,
    "fields": {
      "field": 30,
      "consumer" :1,
      "method" : "V"
    }
  },
  {
    "model": "webapp.LeadFieldValue", 
    "pk": 31,
    "fields": {
      "field": 31,
      "consumer" :1,
      "method" : "V",
      "required":false
    }
  },
  {
    "model": "webapp.LeadFieldValue", 
    "pk": 32,
    "fields": {
      "field": 32,
      "consumer" :1,
      "method" : "V",
      "required":false
    }
  },
  {
    "model": "webapp.LeadFieldValue", 
    "pk": 33,
    "fields": {
      "field": 33,
      "consumer" :1,
      "method" : "V",
      "required":false
    }
  },
  {
    "model": "webapp.LeadFieldValue", 
    "pk": 34,
    "fields": {
      "field": 34,
      "consumer" :1,
      "method" : "V",
      "required":false
    }
  },
  {
    "model": "webapp.LeadFieldValue", 
    "pk": 35,
    "fields": {
      "field": 35,
      "consumer" :1,
      "method" : "V",
      "required":false
    }
  },
   {
    "model": "webapp.LeadFieldValue", 
    "pk": 36,
    "fields": {
      "field": 36,
      "consumer" :1,
      "method" : "V",
      "required":false,
      "ajax": true
    }
  },
   {
    "model": "webapp.LeadFieldValue", 
    "pk": 37,
    "fields": {
      "field": 37,
      "uri": "YesNo",
      "consumer" :1,
      "method" : "X",
      "attribute":true
    }
  },
  {
    "model": "webapp.LeadFieldValue", 
    "pk": 38,
    "fields": {
      "field": 38,
      "consumer" :1,
      "method" : "V",
      "required":true
    }
  },
  {
    "model": "webapp.LeadFieldValue", 
    "pk": 39,
    "fields": {
      "field": 39,
      "uri": "YesNo",
      "consumer" :1,
      "method" : "X",
      "attribute":true,
      "required":true
    }
  },
  {
    "model": "webapp.LeadFieldValue",
    "pk": 40,
    "fields": {
      "field": 40,
      "consumer" :1,
      "uri":"CreditRatingValues",
      "method" : "X",
      "required":true
    }
  },
   {
    "model": "webapp.LeadFieldValue", 
    "pk": 41,
    "fields": {
      "field": 41,
      "consumer" :1,
      "attribute":true,
      "method" : "V"
    }
  },
  {
    "model": "webapp.LeadFieldValue", 
    "pk": 42,
    "fields": {
      "field": 42,
      "consumer" :1,
      "attribute":true,
      "method" : "V"
    }
  },
   {
    "model": "webapp.LeadFieldValue", 
    "pk": 43,
    "fields": {
      "field": 43,
      "uri": "YesNo",
      "consumer" :1,
      "method" : "X",
      "attribute":true
    }
  },
  {
    "model": "webapp.LeadFieldValue", 
    "pk": 44,
    "fields": {
      "field": 44,
      "consumer" :1,
      "uri": "IncidentAutoAccident",
      "method" : "X"
    }
  },
  {
    "model": "webapp.LeadFieldValue", 
    "pk": 45,
    "fields": {
      "field": 45,
      "consumer" :1,
      "uri": "YesNo",
      "method" : "X"
    }
  },
  {
    "model": "webapp.LeadFieldValue", 
    "pk": 46,
    "fields": {
      "field": 46,
      "consumer" :1,
      "uri": "WhatDamaged",
      "method" : "X"
    }
  },
  {
    "model": "webapp.LeadFieldValue", 
    "pk": 47,
    "fields": {
      "field": 47,
      "consumer" :1,
      "method" : "V"
    }
  },
  {
    "model": "webapp.LeadFieldValue", 
    "pk": 48,
    "fields": {
      "field": 48,
      "consumer" :1,
      "method" : "V"
    }
  },
  {
    "model": "webapp.LeadFieldValue", 
    "pk": 49,
    "fields": {
      "field": 49,
      "consumer" :1,
      "method" : "V"
    }
  },
  {
    "model": "webapp.LeadFieldValue", 
    "pk": 50,
    "fields": {
      "field": 50,
      "consumer" :1,
      "method" : "V"
    }
  },
   {
    "model": "webapp.LeadFieldValue", 
    "pk": 51,
    "fields": {
      "field": 51,
      "consumer" :1,
      "method" : "V"
    }
  },
     {
    "model": "webapp.LeadFieldValue", 
    "pk": 52,
    "fields": {
      "field": 52,
      "consumer" :1,
      "method" : "V"
    }
  },
     {
    "model": "webapp.LeadFieldValue", 
    "pk": 53,
    "fields": {
      "field": 53,
      "consumer" :1,
      "method" : "V"
    }
  },
  {
    "model": "webapp.LeadFieldValue", 
    "pk": 54,
    "fields": {
      "field": 54,
      "consumer" :1,
      "method" : "V"
    }
  },
   {
    "model": "webapp.LeadFieldValue", 
    "pk": 55,
    "fields": {
      "field": 44,
      "consumer" :1,
      "uri": "IncidentAutoTicket",
      "method" : "X"
    }
  },
  {
    "model": "webapp.LeadFieldValue", 
    "pk": 56,
    "fields": {
      "field": 44,
      "consumer" :1,
      "uri": "IncidentAutoClaim",
      "method" : "X"
    }
  },
  {
    "model": "webapp.LeadSource",
    "pk": 1,
    "fields": {
      "name": "TJ"
    }
  },
 {
    "model": "webapp.LeadSource",
    "pk": 2,
    "fields": {
      "name": "Adsonar"
    }
  },
   {
    "model": "webapp.LeadSource",
    "pk": 3,
    "fields": {
      "name": "Web Form"
    }
  },
  {
    "model": "webapp.InsuranceTypes",
    "pk": 1,
    "fields": {
      "name": "Auto Insurance",
      "short_name": "auto"
    }
  },
  {
    "model": "webapp.InsuranceTypes",
    "pk": 2,
    "fields": {
      "name": "Home Insurance",
      "short_name": "home"
    }
  },
  {
    "model": "webapp.InsuranceTypes",
    "pk": 3,
    "fields": {
      "name": "Life Insurance",
      "short_name": "life"
    }
  },
    {
    "model": "webapp.LeadFieldGroup",
    "pk": 1,
    "fields": {
      "name": "Lead",
      "data_values": [8,25,26,24,28,29,30,31,32,33,2,3,4],
      "consumer": 1,
      "onlyone": true
    }
  },
  {
    "model": "webapp.LeadFieldGroup",
    "pk": 2,
    "fields": {
      "name": "Vehicle",
      "data_values": [1,11,12,13,14,15,21,22,23,27,36],
      "parent": 1,
      "consumer": 1
    }
  },
  {
    "model": "webapp.LeadFieldGroup",
    "pk": 3,
    "fields": {
      "name": "Driver",
      "data_values": [],
      "parent": 1,
      "consumer": 1
    }
  },
  {
    "model": "webapp.LeadFieldGroup",
    "pk": 4,
    "fields": {
      "name": "PersonalInfo",
      "data_values": [6,7,10,17,18,19,24,25,26,38,39,40,54],
      "parent": 3,
      "consumer": 1,
      "onlyone":true
    }
  },
  {
    "model": "webapp.LeadFieldGroup",
    "pk": 5,
    "fields": {
      "name": "DrivingRecord",
      "data_values": [20,37],
      "parent": 3,
      "consumer": 1,
      "onlyone":true
    }
  },
  {
    "model": "webapp.LeadFieldGroup",
    "pk": 6,
    "fields": {
      "name": "DriversLicense",
      "data_values": [8,16, 34,35],
      "parent": 3,
      "consumer": 1,
      "onlyone":true
    }
  },
  {
    "model": "webapp.LeadFieldGroup",
    "pk": 7,
    "fields": {
      "name": "DUI",
      "data_values": [8,41,42],
      "parent": 5,
      "consumer": 1,
      "onlyone":false
    }
  },
   {
    "model": "webapp.LeadFieldGroup",
    "pk": 8,
    "fields": {
      "name": "Insurance Policy",
      "data_values": [],
      "parent": 1,
      "consumer": 1,
      "onlyone":true
    }
  },
  {
    "model": "webapp.LeadFieldGroup",
    "pk": 9,
    "fields": {
      "name": "New Policy",
      "data_values": [5],
      "parent": 8,
      "consumer": 1,
      "onlyone":true
    }
  },
  {
    "model": "webapp.LeadFieldGroup",
    "pk": 10,
    "fields": {
      "name": "Prior Policy",
      "data_values": [43,48,49,50,51,52,53],
      "parent": 8,
      "consumer": 1,
      "onlyone":false
    }
  },
    
   {
    "model": "webapp.LeadFieldGroup",
    "pk": 11,
    "fields": {
      "name": "Accident",
      "data_values": [41,42,44,45,46,47],
      "parent": 5,
      "consumer": 1
    }
  },
  {
    "model": "webapp.LeadFieldGroup",
    "pk": 12,
    "fields": {
      "name": "Ticket",
      "data_values": [41,42,55],
      "parent": 5,
      "consumer": 1
    }
  },
  {
    "model": "webapp.LeadFieldGroup",
    "pk": 13,
    "fields": {
      "name": "Claim",
      "data_values": [41,42,45,46,47,56],
      "parent": 5,
      "consumer": 1
    }
  },
  {
    "model": "webapp.LeadConsumer",
    "pk": 1,
    "fields": {
      "name": "MOSS",
      "affiliate_id":"CD1020",
      "password":"cpacf123",
      "url":"http://msadev1.msaff.com/xml-post/lead.php",
      "request_type":"direct"
    }
  },
  {
    "model": "webapp.LeadConsumer",
    "pk": 2,
    "fields": {
      "name": "IA",
      "affiliate_id":"CD1",
      "password":"CD1",
      "url":"http://msadev1.msaff.com/xml-post/lead.php",
      "request_type":"direct"
    }
  }
] 
    
    
